{
  "Central": {
    "Linear": {
      "MAE": 8.995276365480195e-13,
      "RMSE": 1.0866072612079942e-12,
      "R2": 1.0
    },
    "RandomForest": {
      "MAE": 1.9554223424657236,
      "RMSE": 5.602672431657875,
      "R2": 0.999962815648662
    },
    "GradientBoosting": {
      "MAE": 6.433145223281929,
      "RMSE": 9.027088828985569,
      "R2": 0.999903469361497
    }
  },
  "Coastal": {
    "Linear": {
      "MAE": 2.901661863601575e-12,
      "RMSE": 3.2009803055397087e-12,
      "R2": 1.0
    },
    "RandomForest": {
      "MAE": 2.2551060410956394,
      "RMSE": 14.339671778491526,
      "R2": 0.9996096136555047
    },
    "GradientBoosting": {
      "MAE": 5.737344160782842,
      "RMSE": 10.048780865864499,
      "R2": 0.9998082908032766
    }
  },
  "East": {
    "Linear": {
      "MAE": 6.104827450256642e-13,
      "RMSE": 9.744526762474432e-13,
      "R2": 1.0
    },
    "RandomForest": {
      "MAE": 4.411119383561836,
      "RMSE": 28.17044005894716,
      "R2": 0.9996490614089821
    },
    "GradientBoosting": {
      "MAE": 10.147231987028514,
      "RMSE": 21.193476650622983,
      "R2": 0.9998013684292475
    }
  },
  "North": {
    "Linear": {
      "MAE": 3.5657175842111243e-12,
      "RMSE": 4.481713764999988e-12,
      "R2": 1.0
    },
    "RandomForest": {
      "MAE": 1.3088163972605686,
      "RMSE": 2.9126116082049816,
      "R2": 0.9999818117534962
    },
    "GradientBoosting": {
      "MAE": 5.570518812520082,
      "RMSE": 7.625774923120119,
      "R2": 0.9998753209039128
    }
  },
  "South": {
    "Linear": {
      "MAE": 6.142203944850049e-13,
      "RMSE": 8.054275650760874e-13,
      "R2": 1.0
    },
    "RandomForest": {
      "MAE": 3.2614727534247585,
      "RMSE": 19.260318520729413,
      "R2": 0.9996380785300751
    },
    "GradientBoosting": {
      "MAE": 6.651607229450666,
      "RMSE": 13.410730999737455,
      "R2": 0.9998245342651665
    }
  },
  "West": {
    "Linear": {
      "MAE": 1.2982102455443716e-12,
      "RMSE": 1.76138975219491e-12,
      "R2": 1.0
    },
    "RandomForest": {
      "MAE": 1.4092000684928578,
      "RMSE": 3.7643679155941125,
      "R2": 0.9999724801898943
    },
    "GradientBoosting": {
      "MAE": 5.965201313621991,
      "RMSE": 8.045730939918494,
      "R2": 0.9998742834898562
    }
  }
}